{"cameraMode":{"drawMode":0,"name":"Shaded","section":"Shading Mode"},"sceneLighting":false,"audioPlay":false,"sceneViewState":{"showFog":true,"showMaterialUpdate":true,"showSkybox":true,"showFlares":true,"showImageEffects":true,"showParticleSystems":true},"in2DMode":false,"pivot":{"x":-0.4998970031738281,"y":0.049915000796318057,"z":0.49995189905166628},"rotation":{"x":-0.6063734889030457,"y":0.1368764340877533,"z":-0.10695981234312058,"w":-0.7759740352630615},"size":2.3397979736328127,"orthographic":false}