{"cameraMode":{"drawMode":0,"name":"Shaded","section":"Shading Mode"},"sceneLighting":false,"audioPlay":false,"sceneViewState":{"showFog":true,"showMaterialUpdate":true,"showSkybox":true,"showFlares":true,"showImageEffects":true,"showParticleSystems":true},"in2DMode":false,"pivot":{"x":-2.384185791015625e-7,"y":-0.00010085105895996094,"z":9.5367431640625e-7},"rotation":{"x":-0.18958209455013276,"y":0.39569634199142458,"z":-0.08384787291288376,"w":-0.8946802020072937},"size":3.691962242126465,"orthographic":false}