{"cameraMode":{"drawMode":0,"name":"Shaded","section":"Shading Mode"},"sceneLighting":true,"audioPlay":false,"sceneViewState":{"showFog":true,"showMaterialUpdate":true,"showSkybox":true,"showFlares":true,"showImageEffects":true,"showParticleSystems":true},"in2DMode":false,"pivot":{"x":5.039067268371582,"y":-0.6225376129150391,"z":4.920932769775391},"rotation":{"x":-0.3520381450653076,"y":0.616155743598938,"z":-0.35714495182037356,"w":-0.607345700263977},"size":9.338726043701172,"orthographic":false}