{"cameraMode":{"drawMode":0,"name":"Shaded","section":"Shading Mode"},"sceneLighting":false,"audioPlay":false,"sceneViewState":{"showFog":true,"showMaterialUpdate":true,"showSkybox":true,"showFlares":true,"showImageEffects":true,"showParticleSystems":true},"in2DMode":false,"pivot":{"x":0.10809659957885742,"y":0.48852431774139407,"z":0.05545312166213989},"rotation":{"x":0.01209038496017456,"y":0.9795995950698853,"z":-0.19074343144893647,"w":0.06209252402186394},"size":1.6822214126586915,"orthographic":false}