{"cameraMode":{"drawMode":0,"name":"Shaded","section":"Shading Mode"},"sceneLighting":false,"audioPlay":false,"sceneViewState":{"showFog":true,"showMaterialUpdate":true,"showSkybox":true,"showFlares":true,"showImageEffects":true,"showParticleSystems":true},"in2DMode":false,"pivot":{"x":-0.24109190702438355,"y":-0.14924079179763795,"z":0.574664831161499},"rotation":{"x":-0.09163641184568405,"y":0.25024232268333437,"z":-0.023798584938049318,"w":-0.9635430574417114},"size":2.339592933654785,"orthographic":false}