{"cameraMode":{"drawMode":0,"name":"Shaded","section":"Shading Mode"},"sceneLighting":false,"audioPlay":false,"sceneViewState":{"showFog":true,"showMaterialUpdate":true,"showSkybox":true,"showFlares":true,"showImageEffects":true,"showParticleSystems":true},"in2DMode":false,"pivot":{"x":-0.0000019073486328125,"y":0.7493581771850586,"z":0.0},"rotation":{"x":-0.16307589411735536,"y":0.010948044247925282,"z":-0.0018094974802806974,"w":-0.9865511655807495},"size":3.995561361312866,"orthographic":false}