{"cameraMode":{"drawMode":0,"name":"Shaded","section":"Shading Mode"},"sceneLighting":false,"audioPlay":false,"sceneViewState":{"showFog":true,"showMaterialUpdate":true,"showSkybox":true,"showFlares":true,"showImageEffects":true,"showParticleSystems":true},"in2DMode":false,"pivot":{"x":-2.4718971252441408,"y":2.541266679763794,"z":-0.005169212818145752},"rotation":{"x":-0.14639969170093537,"y":0.5048457384109497,"z":-0.08734157681465149,"w":-0.8462088704109192},"size":12.100935935974121,"orthographic":false}