{"cameraMode":{"drawMode":0,"name":"Shaded","section":"Shading Mode"},"sceneLighting":false,"audioPlay":false,"sceneViewState":{"showFog":true,"showMaterialUpdate":true,"showSkybox":true,"showFlares":true,"showImageEffects":true,"showParticleSystems":true},"in2DMode":false,"pivot":{"x":3.579557418823242,"y":-0.20429527759552003,"z":5.170027256011963},"rotation":{"x":-0.47662463784217837,"y":0.003162186359986663,"z":-0.0017140326090157033,"w":-0.8790995478630066},"size":3.2440619468688967,"orthographic":false}