{"cameraMode":{"drawMode":0,"name":"Shaded","section":"Shading Mode"},"sceneLighting":false,"audioPlay":false,"sceneViewState":{"showFog":true,"showMaterialUpdate":true,"showSkybox":true,"showFlares":true,"showImageEffects":true,"showParticleSystems":true},"in2DMode":false,"pivot":{"x":-0.4999461770057678,"y":0.04990750178694725,"z":0.4998946785926819},"rotation":{"x":-0.6063734889030457,"y":0.1368764340877533,"z":-0.10695981234312058,"w":-0.7759740352630615},"size":2.3398597240448,"orthographic":false}