{"cameraMode":{"drawMode":0,"name":"Shaded","section":"Shading Mode"},"sceneLighting":false,"audioPlay":false,"sceneViewState":{"showFog":true,"showMaterialUpdate":true,"showSkybox":true,"showFlares":true,"showImageEffects":true,"showParticleSystems":true},"in2DMode":false,"pivot":{"x":-2.4996814727783205,"y":0.04992000013589859,"z":2.499692916870117},"rotation":{"x":-0.01408015750348568,"y":0.8918982744216919,"z":-0.45115911960601809,"w":-0.027835315093398095},"size":11.669922828674317,"orthographic":false}