{"cameraMode":{"drawMode":0,"name":"Shaded","section":"Shading Mode"},"sceneLighting":false,"audioPlay":false,"sceneViewState":{"showFog":true,"showMaterialUpdate":true,"showSkybox":true,"showFlares":true,"showImageEffects":true,"showParticleSystems":true},"in2DMode":false,"pivot":{"x":4.821516990661621,"y":-1.3643765449523926,"z":5.1779093742370609},"rotation":{"x":-0.6063734889030457,"y":0.1368764340877533,"z":-0.10695981234312058,"w":-0.7759740352630615},"size":2.3395910263061525,"orthographic":false}