{"cameraMode":{"drawMode":0,"name":"Shaded","section":"Shading Mode"},"sceneLighting":false,"audioPlay":false,"sceneViewState":{"showFog":true,"showMaterialUpdate":true,"showSkybox":true,"showFlares":true,"showImageEffects":true,"showParticleSystems":true},"in2DMode":false,"pivot":{"x":0.00006502866744995117,"y":0.06402459740638733,"z":-0.00009423494338989258},"rotation":{"x":-0.6063734889030457,"y":0.1368764340877533,"z":-0.10695981234312058,"w":-0.7759740352630615},"size":2.343550443649292,"orthographic":false}