{"cameraMode":{"drawMode":0,"name":"Shaded","section":"Shading Mode"},"sceneLighting":false,"audioPlay":false,"sceneViewState":{"showFog":true,"showMaterialUpdate":true,"showSkybox":true,"showFlares":true,"showImageEffects":true,"showParticleSystems":true},"in2DMode":false,"pivot":{"x":-0.4382539987564087,"y":0.27106547355651858,"z":-0.5049319267272949},"rotation":{"x":-0.1628827452659607,"y":0.8370136618614197,"z":-0.3621115982532501,"w":-0.3765004277229309},"size":3.9925742149353029,"orthographic":false}