{"cameraMode":{"drawMode":0,"name":"Shaded","section":"Shading Mode"},"sceneLighting":false,"audioPlay":false,"sceneViewState":{"showFog":true,"showMaterialUpdate":true,"showSkybox":true,"showFlares":true,"showImageEffects":true,"showParticleSystems":true},"in2DMode":false,"pivot":{"x":0.27426886558532717,"y":-0.09361141920089722,"z":2.055811643600464},"rotation":{"x":-0.14639969170093537,"y":0.5048457384109497,"z":-0.08734157681465149,"w":-0.8462088704109192},"size":3.074982166290283,"orthographic":false}