{"cameraMode":{"drawMode":0,"name":"Shaded","section":"Shading Mode"},"sceneLighting":false,"audioPlay":false,"sceneViewState":{"showFog":true,"showMaterialUpdate":true,"showSkybox":true,"showFlares":true,"showImageEffects":true,"showParticleSystems":true},"in2DMode":false,"pivot":{"x":0.20921754837036134,"y":0.05668434500694275,"z":-0.11256761103868485},"rotation":{"x":-0.07155951857566834,"y":-0.7370067238807678,"z":0.07902000844478607,"w":-0.6674250364303589},"size":1.5256364345550538,"orthographic":false}