{"cameraMode":{"drawMode":0,"name":"Shaded","section":"Shading Mode"},"sceneLighting":false,"audioPlay":false,"sceneViewState":{"showFog":true,"showMaterialUpdate":true,"showSkybox":true,"showFlares":true,"showImageEffects":true,"showParticleSystems":true},"in2DMode":false,"pivot":{"x":-0.4795348644256592,"y":0.3296101987361908,"z":-2.2392654418945314},"rotation":{"x":0.001218963647261262,"y":0.9900807738304138,"z":0.008603914640843869,"w":-0.14023061096668244},"size":5.343779563903809,"orthographic":false}