{"cameraMode":{"drawMode":0,"name":"Shaded","section":"Shading Mode"},"sceneLighting":false,"audioPlay":false,"sceneViewState":{"showFog":true,"showMaterialUpdate":true,"showSkybox":true,"showFlares":true,"showImageEffects":true,"showParticleSystems":true},"in2DMode":false,"pivot":{"x":-90.42669677734375,"y":26.695178985595704,"z":145.48965454101563},"rotation":{"x":-0.18958209455013276,"y":0.39569634199142458,"z":-0.08384787291288376,"w":-0.8946802020072937},"size":116.31009674072266,"orthographic":false}