{"cameraMode":{"drawMode":0,"name":"Shaded","section":"Shading Mode"},"sceneLighting":false,"audioPlay":false,"sceneViewState":{"showFog":true,"showMaterialUpdate":true,"showSkybox":true,"showFlares":true,"showImageEffects":true,"showParticleSystems":true},"in2DMode":false,"pivot":{"x":-2.3261427879333498,"y":-0.118367999792099,"z":3.21528697013855},"rotation":{"x":-0.028567302972078325,"y":0.33436763286590578,"z":-0.010140209458768368,"w":-0.9419551491737366},"size":5.0497212409973148,"orthographic":false}