{"cameraMode":{"drawMode":0,"name":"Shaded","section":"Shading Mode"},"sceneLighting":false,"audioPlay":false,"sceneViewState":{"showFog":true,"showMaterialUpdate":true,"showSkybox":true,"showFlares":true,"showImageEffects":true,"showParticleSystems":true},"in2DMode":false,"pivot":{"x":-1.0835505723953248,"y":0.7761728763580322,"z":0.19133472442626954},"rotation":{"x":0.015145571902394295,"y":0.681062638759613,"z":0.01409278903156519,"w":-0.7319329380989075},"size":2.167928457260132,"orthographic":false}