{"cameraMode":{"drawMode":0,"name":"Shaded","section":"Shading Mode"},"sceneLighting":false,"audioPlay":false,"sceneViewState":{"showFog":true,"showMaterialUpdate":true,"showSkybox":true,"showFlares":true,"showImageEffects":true,"showParticleSystems":true},"in2DMode":false,"pivot":{"x":-0.5003179311752319,"y":1.0000152587890626,"z":0.500002384185791},"rotation":{"x":0.020612340420484544,"y":0.36952632665634158,"z":0.008199728094041348,"w":-0.9289554953575134},"size":3.9925742149353029,"orthographic":false}