{"cameraMode":{"drawMode":0,"name":"Shaded","section":"Shading Mode"},"sceneLighting":false,"audioPlay":false,"sceneViewState":{"showFog":true,"showMaterialUpdate":true,"showSkybox":true,"showFlares":true,"showImageEffects":true,"showParticleSystems":true},"in2DMode":false,"pivot":{"x":0.000039458274841308594,"y":1.2040953636169434,"z":-0.07956176996231079},"rotation":{"x":-0.01900649443268776,"y":0.9386953711509705,"z":-0.052442748099565509,"w":-0.3402051031589508},"size":5.561649322509766,"orthographic":false}