{"cameraMode":{"drawMode":0,"name":"Shaded","section":"Shading Mode"},"sceneLighting":false,"audioPlay":false,"sceneViewState":{"showFog":true,"showMaterialUpdate":true,"showSkybox":true,"showFlares":true,"showImageEffects":true,"showParticleSystems":true},"in2DMode":false,"pivot":{"x":-2.499384880065918,"y":0.049947500228881839,"z":2.499439239501953},"rotation":{"x":-0.01408015750348568,"y":0.8918982744216919,"z":-0.45115911960601809,"w":-0.027835315093398095},"size":11.671205520629883,"orthographic":false}