{"cameraMode":{"drawMode":0,"name":"Shaded","section":"Shading Mode"},"sceneLighting":false,"audioPlay":false,"sceneViewState":{"showFog":true,"showMaterialUpdate":true,"showSkybox":true,"showFlares":true,"showImageEffects":true,"showParticleSystems":true},"in2DMode":false,"pivot":{"x":-1.2027220726013184,"y":0.16369640827178956,"z":4.822738170623779},"rotation":{"x":-0.0991172343492508,"y":0.17282913625240327,"z":-0.01748332753777504,"w":-0.9797960519790649},"size":8.524493217468262,"orthographic":false}