{"cameraMode":{"drawMode":0,"name":"Shaded","section":"Shading Mode"},"sceneLighting":false,"audioPlay":false,"sceneViewState":{"showFog":true,"showMaterialUpdate":true,"showSkybox":true,"showFlares":true,"showImageEffects":true,"showParticleSystems":true},"in2DMode":false,"pivot":{"x":-0.20438706874847413,"y":0.7713268399238586,"z":0.057943105697631839},"rotation":{"x":-0.01900649443268776,"y":0.9386953711509705,"z":-0.052442748099565509,"w":-0.3402051031589508},"size":2.4452342987060549,"orthographic":false}