{"cameraMode":{"drawMode":0,"name":"Shaded","section":"Shading Mode"},"sceneLighting":false,"audioPlay":false,"sceneViewState":{"showFog":true,"showMaterialUpdate":true,"showSkybox":true,"showFlares":true,"showImageEffects":true,"showParticleSystems":true},"in2DMode":false,"pivot":{"x":0.5927457809448242,"y":-0.6135404109954834,"z":-1.3422998189926148},"rotation":{"x":-0.21864014863967896,"y":0.22791850566864015,"z":-0.05260081961750984,"w":-0.9473557472229004},"size":2.339992046356201,"orthographic":false}