{"cameraMode":{"drawMode":0,"name":"Shaded","section":"Shading Mode"},"sceneLighting":false,"audioPlay":false,"sceneViewState":{"showFog":true,"showMaterialUpdate":true,"showSkybox":true,"showFlares":true,"showImageEffects":true,"showParticleSystems":true},"in2DMode":false,"pivot":{"x":-2.499998092651367,"y":0.03526716306805611,"z":-2.4999961853027345},"rotation":{"x":-0.01408015750348568,"y":0.8918982744216919,"z":-0.45115911960601809,"w":-0.027835315093398095},"size":11.667829513549805,"orthographic":false}