{"cameraMode":{"drawMode":0,"name":"Shaded","section":"Shading Mode"},"sceneLighting":false,"audioPlay":false,"sceneViewState":{"showFog":true,"showMaterialUpdate":true,"showSkybox":true,"showFlares":true,"showImageEffects":true,"showParticleSystems":true},"in2DMode":false,"pivot":{"x":3.579261302947998,"y":-0.20428240299224854,"z":5.1701340675354},"rotation":{"x":-0.47662463784217837,"y":0.003162186359986663,"z":-0.0017140326090157033,"w":-0.8790995478630066},"size":3.243778705596924,"orthographic":false}