{"cameraMode":{"drawMode":0,"name":"Shaded","section":"Shading Mode"},"sceneLighting":false,"audioPlay":false,"sceneViewState":{"showFog":true,"showMaterialUpdate":true,"showSkybox":true,"showFlares":true,"showImageEffects":true,"showParticleSystems":true},"in2DMode":false,"pivot":{"x":-1.2846732139587403,"y":-7.190342903137207,"z":-0.4672454297542572},"rotation":{"x":-0.6136009693145752,"y":-0.38521915674209597,"z":0.462507963180542,"w":-0.5110641121864319},"size":8.887958526611329,"orthographic":false}