{"cameraMode":{"drawMode":0,"name":"Shaded","section":"Shading Mode"},"sceneLighting":false,"audioPlay":false,"sceneViewState":{"showFog":true,"showMaterialUpdate":true,"showSkybox":true,"showFlares":true,"showImageEffects":true,"showParticleSystems":true},"in2DMode":false,"pivot":{"x":0.26262056827545168,"y":-0.1238851249217987,"z":0.6922082901000977},"rotation":{"x":-0.20011883974075318,"y":-0.2786230742931366,"z":0.05947929620742798,"w":-0.937434732913971},"size":3.553462028503418,"orthographic":false}