{"cameraMode":{"drawMode":0,"name":"Shaded","section":"Shading Mode"},"sceneLighting":false,"audioPlay":false,"sceneViewState":{"showFog":true,"showMaterialUpdate":true,"showSkybox":true,"showFlares":true,"showImageEffects":true,"showParticleSystems":true},"in2DMode":false,"pivot":{"x":4.821587562561035,"y":-1.3651341199874879,"z":5.177798271179199},"rotation":{"x":-0.6136009693145752,"y":-0.38521915674209597,"z":0.462507963180542,"w":-0.5110641121864319},"size":2.3400189876556398,"orthographic":false}