{"cameraMode":{"drawMode":0,"name":"Shaded","section":"Shading Mode"},"sceneLighting":false,"audioPlay":false,"sceneViewState":{"showFog":true,"showMaterialUpdate":true,"showSkybox":true,"showFlares":true,"showImageEffects":true,"showParticleSystems":true},"in2DMode":false,"pivot":{"x":-2.0963335037231447,"y":-1.1555055379867554,"z":-0.06611041724681854},"rotation":{"x":-0.19004735350608827,"y":0.6902113556861877,"z":-0.1957177072763443,"w":-0.6702126264572144},"size":6.544063568115234,"orthographic":false}