{"cameraMode":{"drawMode":0,"name":"Shaded","section":"Shading Mode"},"sceneLighting":false,"audioPlay":false,"sceneViewState":{"showFog":true,"showMaterialUpdate":true,"showSkybox":true,"showFlares":true,"showImageEffects":true,"showParticleSystems":true},"in2DMode":false,"pivot":{"x":0.19415712356567384,"y":-0.06248563528060913,"z":-0.3199012279510498},"rotation":{"x":-0.0194046963006258,"y":0.9751806855201721,"z":-0.19900913536548615,"w":-0.09508655220270157},"size":1.6586198806762696,"orthographic":false}